payment_id,ride_id,payment_method,payment_status,payment_time
PAYMENT_1,RIDE_1,Cash,Pending,2025-01-19 19:23:12.421646
PAYMENT_2,RIDE_2,Debit Card,Success,2025-01-20 19:23:12.421670
PAYMENT_3,RIDE_3,Debit Card,Pending,2025-01-11 00:23:12.421677
PAYMENT_4,RIDE_4,Cash,Success,2025-01-28 02:23:12.421682
PAYMENT_5,RIDE_5,PayPal,Failed,2025-01-31 00:23:12.421687
PAYMENT_6,RIDE_6,Cash,Success,2025-01-09 23:23:12.421693
PAYMENT_7,RIDE_7,Debit Card,Failed,2025-01-04 04:23:12.421699
PAYMENT_8,RIDE_8,PayPal,Success,2025-01-23 07:23:12.421705
PAYMENT_9,RIDE_9,Debit Card,Success,2025-01-19 23:23:12.421712
PAYMENT_10,RIDE_10,Debit Card,Pending,2025-01-10 03:23:12.421718
PAYMENT_11,RIDE_11,Credit Card,Failed,2025-01-05 11:23:12.421723
PAYMENT_12,RIDE_12,Credit Card,Success,2025-01-08 21:23:12.421728
PAYMENT_13,RIDE_13,Credit Card,Failed,2025-01-22 09:23:12.421733
PAYMENT_14,RIDE_14,Debit Card,Pending,2025-02-01 12:23:12.421738
PAYMENT_15,RIDE_15,Cash,Failed,2025-01-04 04:23:12.421743
PAYMENT_16,RIDE_16,Cash,Pending,2025-01-13 16:23:12.421748
PAYMENT_17,RIDE_17,Debit Card,Pending,2025-01-10 08:23:12.421883
PAYMENT_18,RIDE_18,Credit Card,Failed,2025-01-18 00:23:12.421890
PAYMENT_19,RIDE_19,Debit Card,Failed,2025-01-26 03:23:12.421896
PAYMENT_20,RIDE_20,Cash,Success,2025-01-13 01:23:12.421901
PAYMENT_21,RIDE_21,Cash,Pending,2025-01-12 06:23:12.421905
PAYMENT_22,RIDE_22,Cash,Failed,2025-01-10 09:23:12.421909
PAYMENT_23,RIDE_23,Debit Card,Pending,2025-01-04 00:23:12.421912
PAYMENT_24,RIDE_24,Cash,Success,2025-01-20 14:23:12.421916
PAYMENT_25,RIDE_25,Cash,Failed,2025-01-04 11:23:12.421921
PAYMENT_26,RIDE_26,Cash,Failed,2025-01-30 19:23:12.421925
PAYMENT_27,RIDE_27,Cash,Pending,2025-01-15 10:23:12.421929
PAYMENT_28,RIDE_28,PayPal,Failed,2025-01-19 21:23:12.421934
PAYMENT_29,RIDE_29,Debit Card,Failed,2025-01-08 21:23:12.421939
PAYMENT_30,RIDE_30,Debit Card,Pending,2025-01-04 16:23:12.421944
PAYMENT_31,RIDE_31,Cash,Success,2025-01-16 03:23:12.421949
PAYMENT_32,RIDE_32,Credit Card,Failed,2025-01-23 14:23:12.421953
PAYMENT_33,RIDE_33,Cash,Success,2025-01-30 04:23:12.421958
PAYMENT_34,RIDE_34,Debit Card,Pending,2025-01-15 11:23:12.421963
PAYMENT_35,RIDE_35,PayPal,Pending,2025-01-16 10:23:12.421968
PAYMENT_36,RIDE_36,Cash,Success,2025-01-08 00:23:12.421973
PAYMENT_37,RIDE_37,PayPal,Failed,2025-01-27 20:23:12.421978
PAYMENT_38,RIDE_38,Credit Card,Failed,2025-02-01 03:23:12.421983
PAYMENT_39,RIDE_39,Credit Card,Pending,2025-01-14 12:23:12.421988
PAYMENT_40,RIDE_40,Cash,Pending,2025-01-25 11:23:12.421992
PAYMENT_41,RIDE_41,PayPal,Failed,2025-01-09 07:23:12.421997
PAYMENT_42,RIDE_42,Credit Card,Success,2025-01-16 17:23:12.422003
PAYMENT_43,RIDE_43,Cash,Pending,2025-01-09 19:23:12.422007
PAYMENT_44,RIDE_44,Credit Card,Failed,2025-01-06 09:23:12.422012
PAYMENT_45,RIDE_45,Debit Card,Failed,2025-01-24 00:23:12.422017
PAYMENT_46,RIDE_46,PayPal,Failed,2025-01-16 09:23:12.422022
PAYMENT_47,RIDE_47,Cash,Success,2025-01-29 19:23:12.422027
PAYMENT_48,RIDE_48,Credit Card,Failed,2025-01-08 00:23:12.422030
PAYMENT_49,RIDE_49,Credit Card,Pending,2025-01-29 06:23:12.422034
PAYMENT_50,RIDE_50,Debit Card,Success,2025-01-23 02:23:12.422037
PAYMENT_51,RIDE_51,Cash,Pending,2025-01-09 20:23:12.422041
PAYMENT_52,RIDE_52,Credit Card,Success,2025-01-18 10:23:12.422044
PAYMENT_53,RIDE_53,PayPal,Failed,2025-01-24 21:23:12.422048
PAYMENT_54,RIDE_54,Credit Card,Failed,2025-01-14 02:23:12.422053
PAYMENT_55,RIDE_55,PayPal,Success,2025-01-10 00:23:12.422057
PAYMENT_56,RIDE_56,Credit Card,Failed,2025-01-11 03:23:12.422061
PAYMENT_57,RIDE_57,Cash,Pending,2025-01-05 01:23:12.422065
PAYMENT_58,RIDE_58,Cash,Failed,2025-01-25 09:23:12.422069
PAYMENT_59,RIDE_59,Cash,Success,2025-01-23 11:23:12.422072
PAYMENT_60,RIDE_60,PayPal,Pending,2025-01-10 22:23:12.422077
PAYMENT_61,RIDE_61,Cash,Pending,2025-01-13 23:23:12.422081
PAYMENT_62,RIDE_62,PayPal,Success,2025-01-27 22:23:12.422085
PAYMENT_63,RIDE_63,PayPal,Pending,2025-01-20 04:23:12.422088
PAYMENT_64,RIDE_64,PayPal,Pending,2025-01-09 13:23:12.422092
PAYMENT_65,RIDE_65,Debit Card,Success,2025-01-29 10:23:12.422095
PAYMENT_66,RIDE_66,Credit Card,Pending,2025-01-16 02:23:12.422100
PAYMENT_67,RIDE_67,PayPal,Failed,2025-01-26 09:23:12.422103
PAYMENT_68,RIDE_68,PayPal,Failed,2025-01-18 17:23:12.422107
PAYMENT_69,RIDE_69,Credit Card,Success,2025-01-27 22:23:12.422110
PAYMENT_70,RIDE_70,Cash,Pending,2025-01-19 07:23:12.422114
PAYMENT_71,RIDE_71,Debit Card,Pending,2025-01-30 18:23:12.422118
PAYMENT_72,RIDE_72,Credit Card,Failed,2025-01-31 07:23:12.422122
PAYMENT_73,RIDE_73,PayPal,Failed,2025-01-04 16:23:12.422126
PAYMENT_74,RIDE_74,Credit Card,Success,2025-01-17 14:23:12.422130
PAYMENT_75,RIDE_75,PayPal,Failed,2025-01-18 18:23:12.422134
PAYMENT_76,RIDE_76,Cash,Success,2025-01-20 23:23:12.422138
PAYMENT_77,RIDE_77,Credit Card,Pending,2025-01-16 08:23:12.422143
PAYMENT_78,RIDE_78,Debit Card,Failed,2025-01-14 03:23:12.422148
PAYMENT_79,RIDE_79,Credit Card,Pending,2025-01-16 08:23:12.422152
PAYMENT_80,RIDE_80,PayPal,Failed,2025-01-05 12:23:12.422157
PAYMENT_81,RIDE_81,PayPal,Failed,2025-01-14 05:23:12.422161
PAYMENT_82,RIDE_82,Debit Card,Pending,2025-01-12 07:23:12.422166
PAYMENT_83,RIDE_83,PayPal,Pending,2025-01-17 22:23:12.422170
PAYMENT_84,RIDE_84,PayPal,Failed,2025-01-03 05:23:12.422175
PAYMENT_85,RIDE_85,PayPal,Success,2025-01-09 07:23:12.422179
PAYMENT_86,RIDE_86,Credit Card,Failed,2025-01-06 15:23:12.422183
PAYMENT_87,RIDE_87,Credit Card,Failed,2025-01-28 04:23:12.422188
PAYMENT_88,RIDE_88,Debit Card,Failed,2025-01-28 05:23:12.422192
PAYMENT_89,RIDE_89,Debit Card,Pending,2025-01-10 06:23:12.422196
PAYMENT_90,RIDE_90,Cash,Pending,2025-01-27 22:23:12.422199
PAYMENT_91,RIDE_91,PayPal,Failed,2025-01-16 04:23:12.422203
PAYMENT_92,RIDE_92,Debit Card,Pending,2025-01-28 22:23:12.422208
PAYMENT_93,RIDE_93,PayPal,Pending,2025-01-26 06:23:12.422212
PAYMENT_94,RIDE_94,Debit Card,Success,2025-01-17 19:23:12.422217
PAYMENT_95,RIDE_95,Cash,Success,2025-01-09 15:23:12.422222
PAYMENT_96,RIDE_96,Debit Card,Pending,2025-01-15 09:23:12.422226
PAYMENT_97,RIDE_97,Credit Card,Pending,2025-01-03 17:23:12.422230
PAYMENT_98,RIDE_98,PayPal,Pending,2025-01-13 07:23:12.422235
PAYMENT_99,RIDE_99,Credit Card,Success,2025-01-29 17:23:12.422239
PAYMENT_100,RIDE_100,Debit Card,Pending,2025-01-21 02:23:12.422243
PAYMENT_101,RIDE_101,Debit Card,Failed,2025-01-23 19:23:12.422247
PAYMENT_102,RIDE_102,Cash,Success,2025-01-16 16:23:12.422251
PAYMENT_103,RIDE_103,Cash,Pending,2025-01-29 09:23:12.422256
PAYMENT_104,RIDE_104,Cash,Pending,2025-01-23 09:23:12.422260
PAYMENT_105,RIDE_105,Debit Card,Failed,2025-01-23 11:23:12.422265
PAYMENT_106,RIDE_106,Cash,Failed,2025-01-17 20:23:12.422270
PAYMENT_107,RIDE_107,Debit Card,Pending,2025-01-07 16:23:12.422274
PAYMENT_108,RIDE_108,Debit Card,Pending,2025-01-28 02:23:12.422279
PAYMENT_109,RIDE_109,PayPal,Pending,2025-01-19 19:23:12.422284
PAYMENT_110,RIDE_110,Credit Card,Failed,2025-01-03 11:23:12.422290
PAYMENT_111,RIDE_111,PayPal,Pending,2025-01-04 11:23:12.422295
PAYMENT_112,RIDE_112,Credit Card,Pending,2025-01-26 15:23:12.422299
PAYMENT_113,RIDE_113,Credit Card,Pending,2025-01-05 21:23:12.422304
PAYMENT_114,RIDE_114,Debit Card,Success,2025-01-17 20:23:12.422309
PAYMENT_115,RIDE_115,Cash,Pending,2025-01-29 03:23:12.422312
PAYMENT_116,RIDE_116,Cash,Success,2025-01-21 18:23:12.422315
PAYMENT_117,RIDE_117,Cash,Failed,2025-01-05 19:23:12.422320
PAYMENT_118,RIDE_118,PayPal,Failed,2025-01-19 05:23:12.422325
PAYMENT_119,RIDE_119,Cash,Success,2025-01-14 11:23:12.422329
PAYMENT_120,RIDE_120,Debit Card,Success,2025-01-14 06:23:12.422334
PAYMENT_121,RIDE_121,Cash,Success,2025-01-04 10:23:12.422338
PAYMENT_122,RIDE_122,Cash,Pending,2025-01-07 08:23:12.422342
PAYMENT_123,RIDE_123,Cash,Pending,2025-01-16 21:23:12.422346
PAYMENT_124,RIDE_124,PayPal,Failed,2025-01-06 01:23:12.422350
PAYMENT_125,RIDE_125,Debit Card,Failed,2025-01-28 16:23:12.422354
PAYMENT_126,RIDE_126,Cash,Failed,2025-01-16 00:23:12.422359
PAYMENT_127,RIDE_127,Credit Card,Failed,2025-01-18 06:23:12.422363
PAYMENT_128,RIDE_128,PayPal,Success,2025-01-11 06:23:12.422368
PAYMENT_129,RIDE_129,Cash,Pending,2025-01-27 21:23:12.422373
PAYMENT_130,RIDE_130,Cash,Success,2025-01-22 18:23:12.422378
PAYMENT_131,RIDE_131,PayPal,Failed,2025-01-07 01:23:12.422382
PAYMENT_132,RIDE_132,Credit Card,Failed,2025-01-11 01:23:12.422387
PAYMENT_133,RIDE_133,Credit Card,Failed,2025-01-19 08:23:12.422392
PAYMENT_134,RIDE_134,PayPal,Pending,2025-01-25 08:23:12.422396
PAYMENT_135,RIDE_135,Cash,Success,2025-01-22 03:23:12.422401
PAYMENT_136,RIDE_136,PayPal,Failed,2025-01-30 23:23:12.422406
PAYMENT_137,RIDE_137,PayPal,Pending,2025-01-04 06:23:12.422410
PAYMENT_138,RIDE_138,PayPal,Pending,2025-01-09 12:23:12.422415
PAYMENT_139,RIDE_139,PayPal,Success,2025-01-12 18:23:12.422420
PAYMENT_140,RIDE_140,Credit Card,Failed,2025-01-05 15:23:12.422424
PAYMENT_141,RIDE_141,PayPal,Success,2025-01-10 20:23:12.422428
PAYMENT_142,RIDE_142,Cash,Success,2025-01-14 00:23:12.422432
PAYMENT_143,RIDE_143,Cash,Success,2025-01-06 22:23:12.422436
PAYMENT_144,RIDE_144,Debit Card,Success,2025-01-23 03:23:12.422440
PAYMENT_145,RIDE_145,Debit Card,Success,2025-01-12 17:23:12.422444
PAYMENT_146,RIDE_146,PayPal,Success,2025-01-12 03:23:12.422448
PAYMENT_147,RIDE_147,Debit Card,Failed,2025-01-30 14:23:12.422452
PAYMENT_148,RIDE_148,PayPal,Failed,2025-01-13 03:23:12.422456
PAYMENT_149,RIDE_149,Credit Card,Failed,2025-01-14 19:23:12.422460
PAYMENT_150,RIDE_150,Credit Card,Pending,2025-01-14 04:23:12.422465
PAYMENT_151,RIDE_151,Credit Card,Failed,2025-01-26 05:23:12.422469
PAYMENT_152,RIDE_152,Credit Card,Failed,2025-01-16 20:23:12.422473
PAYMENT_153,RIDE_153,Cash,Pending,2025-01-28 23:23:12.422477
PAYMENT_154,RIDE_154,Credit Card,Success,2025-01-03 03:23:12.422482
PAYMENT_155,RIDE_155,Credit Card,Success,2025-01-27 20:23:12.422486
PAYMENT_156,RIDE_156,Cash,Success,2025-01-24 14:23:12.422490
PAYMENT_157,RIDE_157,PayPal,Failed,2025-01-24 22:23:12.422494
PAYMENT_158,RIDE_158,Debit Card,Success,2025-01-06 02:23:12.422498
PAYMENT_159,RIDE_159,PayPal,Success,2025-01-18 18:23:12.422503
PAYMENT_160,RIDE_160,PayPal,Failed,2025-01-07 03:23:12.422508
PAYMENT_161,RIDE_161,Debit Card,Failed,2025-01-13 10:23:12.422513
PAYMENT_162,RIDE_162,Credit Card,Pending,2025-01-20 02:23:12.422517
PAYMENT_163,RIDE_163,Credit Card,Pending,2025-01-31 05:23:12.422522
PAYMENT_164,RIDE_164,Credit Card,Success,2025-01-05 20:23:12.422527
PAYMENT_165,RIDE_165,Credit Card,Pending,2025-01-22 07:23:12.422531
PAYMENT_166,RIDE_166,Debit Card,Success,2025-01-27 07:23:12.422535
PAYMENT_167,RIDE_167,Credit Card,Pending,2025-02-01 04:23:12.422539
PAYMENT_168,RIDE_168,Credit Card,Failed,2025-01-22 08:23:12.422543
PAYMENT_169,RIDE_169,Credit Card,Success,2025-01-24 18:23:12.422547
PAYMENT_170,RIDE_170,Debit Card,Success,2025-01-29 17:23:12.422551
PAYMENT_171,RIDE_171,Cash,Success,2025-01-15 15:23:12.422554
PAYMENT_172,RIDE_172,Debit Card,Failed,2025-01-23 16:23:12.422558
PAYMENT_173,RIDE_173,Credit Card,Pending,2025-01-27 12:23:12.422562
PAYMENT_174,RIDE_174,Debit Card,Failed,2025-01-08 18:23:12.422566
PAYMENT_175,RIDE_175,PayPal,Success,2025-01-28 11:23:12.422570
PAYMENT_176,RIDE_176,PayPal,Failed,2025-01-18 23:23:12.422573
PAYMENT_177,RIDE_177,Cash,Failed,2025-01-27 19:23:12.422577
PAYMENT_178,RIDE_178,Credit Card,Pending,2025-01-13 10:23:12.422581
PAYMENT_179,RIDE_179,Cash,Pending,2025-01-27 20:23:12.422584
PAYMENT_180,RIDE_180,PayPal,Success,2025-01-10 19:23:12.422588
PAYMENT_181,RIDE_181,Cash,Failed,2025-01-23 08:23:12.422592
PAYMENT_182,RIDE_182,PayPal,Pending,2025-01-29 10:23:12.422595
PAYMENT_183,RIDE_183,PayPal,Success,2025-01-28 07:23:12.422599
PAYMENT_184,RIDE_184,Debit Card,Success,2025-01-04 10:23:12.422603
PAYMENT_185,RIDE_185,Credit Card,Success,2025-01-24 08:23:12.422607
PAYMENT_186,RIDE_186,PayPal,Pending,2025-01-06 17:23:12.422610
PAYMENT_187,RIDE_187,Credit Card,Pending,2025-01-31 14:23:12.422614
PAYMENT_188,RIDE_188,Cash,Pending,2025-01-25 01:23:12.422618
PAYMENT_189,RIDE_189,Cash,Success,2025-01-14 13:23:12.422621
PAYMENT_190,RIDE_190,PayPal,Pending,2025-01-17 04:23:12.422625
PAYMENT_191,RIDE_191,Credit Card,Pending,2025-01-08 04:23:12.422629
PAYMENT_192,RIDE_192,PayPal,Pending,2025-01-20 17:23:12.422633
PAYMENT_193,RIDE_193,PayPal,Pending,2025-01-24 19:23:12.422637
PAYMENT_194,RIDE_194,Debit Card,Failed,2025-01-22 06:23:12.422641
PAYMENT_195,RIDE_195,Cash,Failed,2025-01-15 07:23:12.422644
PAYMENT_196,RIDE_196,Credit Card,Success,2025-01-30 05:23:12.422648
PAYMENT_197,RIDE_197,Cash,Success,2025-02-01 07:23:12.422652
PAYMENT_198,RIDE_198,Debit Card,Pending,2025-01-12 13:23:12.422655
PAYMENT_199,RIDE_199,Cash,Success,2025-01-03 20:23:12.422658
PAYMENT_200,RIDE_200,Debit Card,Failed,2025-01-24 03:23:12.422662
PAYMENT_201,RIDE_201,Cash,Failed,2025-01-13 23:23:12.422666
PAYMENT_202,RIDE_202,Credit Card,Pending,2025-01-29 13:23:12.422670
PAYMENT_203,RIDE_203,Debit Card,Pending,2025-01-08 03:23:12.422674
PAYMENT_204,RIDE_204,Cash,Failed,2025-01-12 16:23:12.422678
PAYMENT_205,RIDE_205,Debit Card,Pending,2025-01-23 02:23:12.422681
PAYMENT_206,RIDE_206,Credit Card,Pending,2025-01-19 06:23:12.422685
PAYMENT_207,RIDE_207,Cash,Success,2025-01-30 00:23:12.422689
PAYMENT_208,RIDE_208,PayPal,Failed,2025-01-16 14:23:12.422693
PAYMENT_209,RIDE_209,Credit Card,Success,2025-01-07 16:23:12.422698
PAYMENT_210,RIDE_210,Credit Card,Success,2025-01-21 03:23:12.422702
PAYMENT_211,RIDE_211,Credit Card,Success,2025-01-27 13:23:12.422707
PAYMENT_212,RIDE_212,Credit Card,Success,2025-01-15 07:23:12.422711
PAYMENT_213,RIDE_213,PayPal,Success,2025-01-03 03:23:12.422715
PAYMENT_214,RIDE_214,Cash,Failed,2025-01-18 19:23:12.422720
PAYMENT_215,RIDE_215,Credit Card,Failed,2025-02-01 06:23:12.422725
PAYMENT_216,RIDE_216,Cash,Failed,2025-01-06 01:23:12.422730
PAYMENT_217,RIDE_217,Debit Card,Failed,2025-01-23 00:23:12.422736
PAYMENT_218,RIDE_218,Credit Card,Pending,2025-01-27 20:23:12.422739
PAYMENT_219,RIDE_219,Credit Card,Success,2025-01-31 05:23:12.422743
PAYMENT_220,RIDE_220,Cash,Failed,2025-01-24 01:23:12.422747
PAYMENT_221,RIDE_221,PayPal,Pending,2025-01-23 23:23:12.422768
PAYMENT_222,RIDE_222,Debit Card,Failed,2025-01-20 09:23:12.422773
PAYMENT_223,RIDE_223,PayPal,Pending,2025-01-06 00:23:12.422776
PAYMENT_224,RIDE_224,Cash,Success,2025-01-26 02:23:12.422780
PAYMENT_225,RIDE_225,Credit Card,Failed,2025-01-06 04:23:12.422783
PAYMENT_226,RIDE_226,Cash,Pending,2025-01-23 19:23:12.422787
PAYMENT_227,RIDE_227,Cash,Failed,2025-01-26 21:23:12.422791
PAYMENT_228,RIDE_228,Cash,Failed,2025-01-15 02:23:12.422804
PAYMENT_229,RIDE_229,Cash,Pending,2025-01-30 11:23:12.422808
PAYMENT_230,RIDE_230,Credit Card,Success,2025-01-30 08:23:12.422812
PAYMENT_231,RIDE_231,Debit Card,Failed,2025-01-10 17:23:12.422816
PAYMENT_232,RIDE_232,Credit Card,Success,2025-01-06 16:23:12.422820
PAYMENT_233,RIDE_233,Cash,Failed,2025-01-09 03:23:12.422823
PAYMENT_234,RIDE_234,Cash,Failed,2025-01-24 07:23:12.422828
PAYMENT_235,RIDE_235,Credit Card,Pending,2025-01-26 01:23:12.422832
PAYMENT_236,RIDE_236,PayPal,Failed,2025-01-16 10:23:12.422836
PAYMENT_237,RIDE_237,PayPal,Failed,2025-01-03 23:23:12.422839
PAYMENT_238,RIDE_238,PayPal,Success,2025-01-22 00:23:12.422844
PAYMENT_239,RIDE_239,Cash,Pending,2025-01-23 22:23:12.422848
PAYMENT_240,RIDE_240,Credit Card,Pending,2025-01-18 12:23:12.422852
PAYMENT_241,RIDE_241,Credit Card,Success,2025-01-24 23:23:12.422856
PAYMENT_242,RIDE_242,PayPal,Pending,2025-01-22 10:23:12.422860
PAYMENT_243,RIDE_243,PayPal,Pending,2025-01-26 06:23:12.422864
PAYMENT_244,RIDE_244,Credit Card,Success,2025-01-13 10:23:12.422868
PAYMENT_245,RIDE_245,Cash,Pending,2025-01-31 22:23:12.422872
PAYMENT_246,RIDE_246,PayPal,Pending,2025-01-28 00:23:12.422876
PAYMENT_247,RIDE_247,Debit Card,Success,2025-01-03 20:23:12.422881
PAYMENT_248,RIDE_248,Debit Card,Failed,2025-01-13 05:23:12.422885
PAYMENT_249,RIDE_249,Credit Card,Pending,2025-02-01 20:23:12.422889
PAYMENT_250,RIDE_250,Cash,Failed,2025-01-11 15:23:12.422894
PAYMENT_251,RIDE_251,Debit Card,Failed,2025-01-19 03:23:12.422898
PAYMENT_252,RIDE_252,PayPal,Pending,2025-01-03 22:23:12.422902
PAYMENT_253,RIDE_253,Cash,Pending,2025-01-10 05:23:12.422906
PAYMENT_254,RIDE_254,Credit Card,Failed,2025-01-08 08:23:12.422910
PAYMENT_255,RIDE_255,PayPal,Pending,2025-01-15 18:23:12.422914
PAYMENT_256,RIDE_256,Cash,Success,2025-01-07 00:23:12.422920
PAYMENT_257,RIDE_257,Credit Card,Pending,2025-01-12 18:23:12.422924
PAYMENT_258,RIDE_258,Cash,Success,2025-01-15 20:23:12.422929
PAYMENT_259,RIDE_259,Debit Card,Failed,2025-01-03 23:23:12.422934
PAYMENT_260,RIDE_260,Debit Card,Failed,2025-01-17 23:23:12.422939
PAYMENT_261,RIDE_261,Credit Card,Success,2025-01-29 09:23:12.422944
PAYMENT_262,RIDE_262,Debit Card,Failed,2025-01-06 08:23:12.422948
PAYMENT_263,RIDE_263,Credit Card,Failed,2025-01-06 01:23:12.422953
PAYMENT_264,RIDE_264,Debit Card,Failed,2025-01-21 08:23:12.422958
PAYMENT_265,RIDE_265,Cash,Success,2025-01-26 22:23:12.422962
PAYMENT_266,RIDE_266,Cash,Success,2025-02-01 17:23:12.422967
PAYMENT_267,RIDE_267,Credit Card,Failed,2025-01-18 09:23:12.422972
PAYMENT_268,RIDE_268,PayPal,Success,2025-01-03 14:23:12.422976
PAYMENT_269,RIDE_269,Cash,Success,2025-01-18 20:23:12.422981
PAYMENT_270,RIDE_270,Cash,Failed,2025-01-24 21:23:12.422986
PAYMENT_271,RIDE_271,Credit Card,Pending,2025-02-01 12:23:12.422991
PAYMENT_272,RIDE_272,Credit Card,Failed,2025-01-10 22:23:12.422995
PAYMENT_273,RIDE_273,PayPal,Pending,2025-01-21 14:23:12.423000
PAYMENT_274,RIDE_274,Credit Card,Failed,2025-01-30 01:23:12.423005
PAYMENT_275,RIDE_275,PayPal,Success,2025-01-12 11:23:12.423009
PAYMENT_276,RIDE_276,Credit Card,Failed,2025-01-06 22:23:12.423014
PAYMENT_277,RIDE_277,Cash,Success,2025-01-25 13:23:12.423018
PAYMENT_278,RIDE_278,Credit Card,Failed,2025-01-17 09:23:12.423023
PAYMENT_279,RIDE_279,Debit Card,Failed,2025-01-31 12:23:12.423028
PAYMENT_280,RIDE_280,Cash,Pending,2025-01-16 22:23:12.423033
PAYMENT_281,RIDE_281,Debit Card,Failed,2025-01-10 01:23:12.423038
PAYMENT_282,RIDE_282,Debit Card,Failed,2025-01-26 20:23:12.423042
PAYMENT_283,RIDE_283,Credit Card,Pending,2025-01-26 00:23:12.423047
PAYMENT_284,RIDE_284,Credit Card,Failed,2025-01-20 17:23:12.423051
PAYMENT_285,RIDE_285,Debit Card,Success,2025-01-05 12:23:12.423056
PAYMENT_286,RIDE_286,Cash,Success,2025-01-14 04:23:12.423060
PAYMENT_287,RIDE_287,Credit Card,Pending,2025-01-17 15:23:12.423064
PAYMENT_288,RIDE_288,Cash,Failed,2025-01-15 14:23:12.423068
PAYMENT_289,RIDE_289,Credit Card,Pending,2025-01-10 21:23:12.423072
PAYMENT_290,RIDE_290,Debit Card,Success,2025-01-13 23:23:12.423076
PAYMENT_291,RIDE_291,Debit Card,Failed,2025-01-11 01:23:12.423080
PAYMENT_292,RIDE_292,Credit Card,Failed,2025-01-14 15:23:12.423084
PAYMENT_293,RIDE_293,Debit Card,Pending,2025-01-30 02:23:12.423088
PAYMENT_294,RIDE_294,Credit Card,Pending,2025-01-27 21:23:12.423092
PAYMENT_295,RIDE_295,PayPal,Pending,2025-01-30 16:23:12.423097
PAYMENT_296,RIDE_296,Credit Card,Pending,2025-01-24 02:23:12.423101
PAYMENT_297,RIDE_297,Cash,Failed,2025-01-05 13:23:12.423105
PAYMENT_298,RIDE_298,Debit Card,Failed,2025-01-04 04:23:12.423109
PAYMENT_299,RIDE_299,Credit Card,Pending,2025-01-09 12:23:12.423113
PAYMENT_300,RIDE_300,Credit Card,Success,2025-01-25 23:23:12.423117
PAYMENT_301,RIDE_301,Credit Card,Success,2025-01-31 22:23:12.423122
PAYMENT_302,RIDE_302,Cash,Pending,2025-01-11 03:23:12.423127
PAYMENT_303,RIDE_303,Debit Card,Pending,2025-01-13 12:23:12.423131
PAYMENT_304,RIDE_304,Credit Card,Success,2025-01-11 03:23:12.423136
PAYMENT_305,RIDE_305,Debit Card,Pending,2025-01-04 06:23:12.423140
PAYMENT_306,RIDE_306,Cash,Failed,2025-02-01 07:23:12.423144
PAYMENT_307,RIDE_307,PayPal,Pending,2025-01-11 23:23:12.423149
PAYMENT_308,RIDE_308,Cash,Success,2025-01-12 19:23:12.423153
PAYMENT_309,RIDE_309,PayPal,Success,2025-01-05 10:23:12.423158
PAYMENT_310,RIDE_310,Credit Card,Failed,2025-01-19 07:23:12.423163
PAYMENT_311,RIDE_311,Debit Card,Success,2025-01-24 17:23:12.423167
PAYMENT_312,RIDE_312,PayPal,Pending,2025-01-11 04:23:12.423172
PAYMENT_313,RIDE_313,Debit Card,Failed,2025-01-18 05:23:12.423176
PAYMENT_314,RIDE_314,Credit Card,Failed,2025-01-21 04:23:12.423180
PAYMENT_315,RIDE_315,Debit Card,Pending,2025-01-08 19:23:12.423185
PAYMENT_316,RIDE_316,PayPal,Success,2025-01-03 21:23:12.423189
PAYMENT_317,RIDE_317,Credit Card,Success,2025-01-25 19:23:12.423193
PAYMENT_318,RIDE_318,Credit Card,Success,2025-01-24 07:23:12.423198
PAYMENT_319,RIDE_319,PayPal,Success,2025-01-15 06:23:12.423203
PAYMENT_320,RIDE_320,Debit Card,Pending,2025-01-22 20:23:12.423207
PAYMENT_321,RIDE_321,Cash,Pending,2025-01-20 14:23:12.423212
PAYMENT_322,RIDE_322,Debit Card,Pending,2025-01-22 18:23:12.423216
PAYMENT_323,RIDE_323,PayPal,Success,2025-01-04 02:23:12.423221
PAYMENT_324,RIDE_324,Debit Card,Pending,2025-01-07 20:23:12.423225
PAYMENT_325,RIDE_325,Cash,Pending,2025-01-09 13:23:12.423230
PAYMENT_326,RIDE_326,Debit Card,Failed,2025-01-10 07:23:12.423235
PAYMENT_327,RIDE_327,Credit Card,Failed,2025-01-30 13:23:12.423240
PAYMENT_328,RIDE_328,Debit Card,Failed,2025-01-26 15:23:12.423244
PAYMENT_329,RIDE_329,Credit Card,Failed,2025-01-22 11:23:12.423249
PAYMENT_330,RIDE_330,Cash,Pending,2025-01-30 00:23:12.423253
PAYMENT_331,RIDE_331,Debit Card,Success,2025-01-12 17:23:12.423258
PAYMENT_332,RIDE_332,Credit Card,Failed,2025-02-01 05:23:12.423262
PAYMENT_333,RIDE_333,Cash,Success,2025-01-19 20:23:12.423267
PAYMENT_334,RIDE_334,Credit Card,Pending,2025-01-14 00:23:12.423271
PAYMENT_335,RIDE_335,Credit Card,Pending,2025-01-03 10:23:12.423276
PAYMENT_336,RIDE_336,Credit Card,Failed,2025-01-06 12:23:12.423281
PAYMENT_337,RIDE_337,Debit Card,Failed,2025-01-25 17:23:12.423285
PAYMENT_338,RIDE_338,Credit Card,Success,2025-01-17 13:23:12.423290
PAYMENT_339,RIDE_339,PayPal,Success,2025-01-22 19:23:12.423294
PAYMENT_340,RIDE_340,Cash,Failed,2025-01-06 10:23:12.423299
PAYMENT_341,RIDE_341,Cash,Failed,2025-01-16 13:23:12.423304
PAYMENT_342,RIDE_342,Debit Card,Success,2025-01-30 01:23:12.423309
PAYMENT_343,RIDE_343,Debit Card,Failed,2025-01-13 06:23:12.423314
PAYMENT_344,RIDE_344,Debit Card,Failed,2025-01-08 17:23:12.423319
PAYMENT_345,RIDE_345,PayPal,Pending,2025-01-12 06:23:12.423323
PAYMENT_346,RIDE_346,Cash,Success,2025-01-14 17:23:12.423328
PAYMENT_347,RIDE_347,Cash,Success,2025-01-30 19:23:12.423333
PAYMENT_348,RIDE_348,Debit Card,Success,2025-01-03 19:23:12.423338
PAYMENT_349,RIDE_349,Debit Card,Pending,2025-01-20 10:23:12.423342
PAYMENT_350,RIDE_350,Credit Card,Pending,2025-01-03 22:23:12.423347
PAYMENT_351,RIDE_351,Debit Card,Pending,2025-01-30 16:23:12.423352
PAYMENT_352,RIDE_352,Cash,Pending,2025-01-31 06:23:12.423357
PAYMENT_353,RIDE_353,Credit Card,Success,2025-01-31 11:23:12.423362
PAYMENT_354,RIDE_354,PayPal,Success,2025-01-13 00:23:12.423367
PAYMENT_355,RIDE_355,PayPal,Failed,2025-01-19 18:23:12.423372
PAYMENT_356,RIDE_356,Cash,Success,2025-01-28 23:23:12.423376
PAYMENT_357,RIDE_357,Credit Card,Failed,2025-01-31 03:23:12.423381
PAYMENT_358,RIDE_358,Debit Card,Pending,2025-01-31 11:23:12.423386
PAYMENT_359,RIDE_359,Debit Card,Success,2025-01-05 08:23:12.423391
PAYMENT_360,RIDE_360,Credit Card,Success,2025-01-20 17:23:12.423395
PAYMENT_361,RIDE_361,Credit Card,Failed,2025-01-13 07:23:12.423400
PAYMENT_362,RIDE_362,PayPal,Pending,2025-01-25 01:23:12.423405
PAYMENT_363,RIDE_363,Debit Card,Failed,2025-01-06 23:23:12.423410
PAYMENT_364,RIDE_364,Cash,Pending,2025-01-13 20:23:12.423415
PAYMENT_365,RIDE_365,Debit Card,Failed,2025-01-18 08:23:12.423420
PAYMENT_366,RIDE_366,PayPal,Success,2025-01-18 07:23:12.423425
PAYMENT_367,RIDE_367,Credit Card,Success,2025-01-04 01:23:12.423429
PAYMENT_368,RIDE_368,Debit Card,Failed,2025-01-13 17:23:12.423434
PAYMENT_369,RIDE_369,Credit Card,Success,2025-01-22 00:23:12.423439
PAYMENT_370,RIDE_370,Debit Card,Pending,2025-01-11 20:23:12.423444
PAYMENT_371,RIDE_371,Cash,Success,2025-01-18 04:23:12.423449
PAYMENT_372,RIDE_372,Cash,Success,2025-01-22 02:23:12.423453
PAYMENT_373,RIDE_373,Debit Card,Pending,2025-01-26 17:23:12.423458
PAYMENT_374,RIDE_374,Debit Card,Pending,2025-01-29 20:23:12.423463
PAYMENT_375,RIDE_375,Credit Card,Failed,2025-01-12 22:23:12.423467
PAYMENT_376,RIDE_376,Credit Card,Failed,2025-01-30 02:23:12.423472
PAYMENT_377,RIDE_377,PayPal,Pending,2025-01-07 14:23:12.423477
PAYMENT_378,RIDE_378,PayPal,Failed,2025-01-04 02:23:12.423482
PAYMENT_379,RIDE_379,Debit Card,Success,2025-01-28 00:23:12.423488
PAYMENT_380,RIDE_380,Cash,Success,2025-01-16 12:23:12.423492
PAYMENT_381,RIDE_381,PayPal,Pending,2025-01-21 07:23:12.423497
PAYMENT_382,RIDE_382,PayPal,Success,2025-01-16 21:23:12.423502
PAYMENT_383,RIDE_383,Cash,Success,2025-01-13 06:23:12.423507
PAYMENT_384,RIDE_384,Credit Card,Failed,2025-01-27 13:23:12.423512
PAYMENT_385,RIDE_385,Credit Card,Failed,2025-01-28 19:23:12.423516
PAYMENT_386,RIDE_386,Credit Card,Pending,2025-01-31 16:23:12.423521
PAYMENT_387,RIDE_387,Debit Card,Failed,2025-01-23 02:23:12.423526
PAYMENT_388,RIDE_388,Debit Card,Failed,2025-01-19 04:23:12.423530
PAYMENT_389,RIDE_389,Credit Card,Success,2025-01-12 09:23:12.423535
PAYMENT_390,RIDE_390,Cash,Failed,2025-01-23 02:23:12.423540
PAYMENT_391,RIDE_391,Credit Card,Success,2025-01-04 03:23:12.423544
PAYMENT_392,RIDE_392,Credit Card,Pending,2025-01-08 16:23:12.423548
PAYMENT_393,RIDE_393,Debit Card,Success,2025-01-28 05:23:12.423552
PAYMENT_394,RIDE_394,Cash,Failed,2025-01-23 01:23:12.423557
PAYMENT_395,RIDE_395,PayPal,Pending,2025-01-22 11:23:12.423562
PAYMENT_396,RIDE_396,Cash,Pending,2025-01-21 20:23:12.423566
PAYMENT_397,RIDE_397,Debit Card,Success,2025-01-16 02:23:12.423571
PAYMENT_398,RIDE_398,PayPal,Failed,2025-01-10 23:23:12.423576
PAYMENT_399,RIDE_399,Debit Card,Success,2025-01-28 19:23:12.423581
PAYMENT_400,RIDE_400,Credit Card,Failed,2025-01-25 04:23:12.423586
PAYMENT_401,RIDE_401,PayPal,Success,2025-01-06 03:23:12.423590
PAYMENT_402,RIDE_402,Debit Card,Success,2025-01-05 19:23:12.423595
PAYMENT_403,RIDE_403,Credit Card,Failed,2025-01-19 09:23:12.423600
PAYMENT_404,RIDE_404,Debit Card,Failed,2025-01-26 14:23:12.423605
PAYMENT_405,RIDE_405,Cash,Success,2025-01-12 14:23:12.423609
PAYMENT_406,RIDE_406,Debit Card,Pending,2025-01-07 18:23:12.423613
PAYMENT_407,RIDE_407,Cash,Failed,2025-01-22 14:23:12.423617
PAYMENT_408,RIDE_408,Debit Card,Success,2025-01-11 05:23:12.423621
PAYMENT_409,RIDE_409,Credit Card,Failed,2025-01-09 22:23:12.423625
PAYMENT_410,RIDE_410,Cash,Pending,2025-01-18 01:23:12.423629
PAYMENT_411,RIDE_411,Cash,Pending,2025-01-10 10:23:12.423634
PAYMENT_412,RIDE_412,Credit Card,Pending,2025-01-05 02:23:12.423638
PAYMENT_413,RIDE_413,Cash,Failed,2025-01-14 10:23:12.423642
PAYMENT_414,RIDE_414,Debit Card,Success,2025-01-13 11:23:12.423646
PAYMENT_415,RIDE_415,Debit Card,Success,2025-01-19 10:23:12.423650
PAYMENT_416,RIDE_416,Cash,Failed,2025-01-27 17:23:12.423653
PAYMENT_417,RIDE_417,Debit Card,Success,2025-01-18 19:23:12.423658
PAYMENT_418,RIDE_418,Cash,Failed,2025-01-17 13:23:12.423662
PAYMENT_419,RIDE_419,PayPal,Pending,2025-01-03 20:23:12.423665
PAYMENT_420,RIDE_420,Debit Card,Failed,2025-01-12 13:23:12.423669
PAYMENT_421,RIDE_421,Cash,Pending,2025-01-10 13:23:12.423673
PAYMENT_422,RIDE_422,Debit Card,Success,2025-01-18 01:23:12.423676
PAYMENT_423,RIDE_423,PayPal,Pending,2025-01-26 13:23:12.423680
PAYMENT_424,RIDE_424,PayPal,Failed,2025-01-16 21:23:12.423683
PAYMENT_425,RIDE_425,Debit Card,Pending,2025-01-08 10:23:12.423688
PAYMENT_426,RIDE_426,PayPal,Failed,2025-01-06 21:23:12.423692
PAYMENT_427,RIDE_427,Debit Card,Pending,2025-01-20 14:23:12.423696
PAYMENT_428,RIDE_428,Credit Card,Pending,2025-01-20 15:23:12.423700
PAYMENT_429,RIDE_429,Credit Card,Failed,2025-01-06 20:23:12.423705
PAYMENT_430,RIDE_430,PayPal,Success,2025-01-21 20:23:12.423709
PAYMENT_431,RIDE_431,Debit Card,Success,2025-01-30 09:23:12.423713
PAYMENT_432,RIDE_432,Credit Card,Pending,2025-02-01 03:23:12.423716
PAYMENT_433,RIDE_433,Cash,Success,2025-01-29 16:23:12.423720
PAYMENT_434,RIDE_434,Cash,Success,2025-01-23 06:23:12.423724
PAYMENT_435,RIDE_435,Cash,Failed,2025-01-26 00:23:12.423728
PAYMENT_436,RIDE_436,Debit Card,Success,2025-01-14 09:23:12.423732
PAYMENT_437,RIDE_437,PayPal,Failed,2025-01-31 20:23:12.423736
PAYMENT_438,RIDE_438,Debit Card,Failed,2025-01-26 14:23:12.423741
PAYMENT_439,RIDE_439,PayPal,Pending,2025-01-23 15:23:12.423745
PAYMENT_440,RIDE_440,Debit Card,Pending,2025-01-25 12:23:12.423750
PAYMENT_441,RIDE_441,Debit Card,Pending,2025-01-09 15:23:12.423778
PAYMENT_442,RIDE_442,Debit Card,Pending,2025-01-22 03:23:12.423783
PAYMENT_443,RIDE_443,Credit Card,Pending,2025-01-25 15:23:12.423786
PAYMENT_444,RIDE_444,Cash,Success,2025-01-26 20:23:12.423790
PAYMENT_445,RIDE_445,Cash,Success,2025-01-27 12:23:12.423803
PAYMENT_446,RIDE_446,Debit Card,Failed,2025-01-03 17:23:12.423807
PAYMENT_447,RIDE_447,Cash,Pending,2025-01-31 23:23:12.423812
PAYMENT_448,RIDE_448,Cash,Pending,2025-01-28 08:23:12.423816
PAYMENT_449,RIDE_449,PayPal,Failed,2025-01-12 17:23:12.423821
PAYMENT_450,RIDE_450,Credit Card,Failed,2025-01-22 14:23:12.423825
PAYMENT_451,RIDE_451,Cash,Failed,2025-01-23 06:23:12.423829
PAYMENT_452,RIDE_452,Debit Card,Pending,2025-01-25 09:23:12.423834
PAYMENT_453,RIDE_453,Debit Card,Failed,2025-01-07 09:23:12.423838
PAYMENT_454,RIDE_454,PayPal,Success,2025-01-11 15:23:12.423843
PAYMENT_455,RIDE_455,Cash,Pending,2025-01-16 01:23:12.423848
PAYMENT_456,RIDE_456,Debit Card,Success,2025-01-04 07:23:12.423852
PAYMENT_457,RIDE_457,Debit Card,Pending,2025-01-03 22:23:12.423856
PAYMENT_458,RIDE_458,Credit Card,Success,2025-01-30 17:23:12.423861
PAYMENT_459,RIDE_459,Cash,Failed,2025-01-28 16:23:12.423866
PAYMENT_460,RIDE_460,Credit Card,Success,2025-01-07 14:23:12.423871
PAYMENT_461,RIDE_461,Credit Card,Pending,2025-01-26 03:23:12.423876
PAYMENT_462,RIDE_462,Cash,Failed,2025-01-19 22:23:12.423881
PAYMENT_463,RIDE_463,Credit Card,Failed,2025-01-21 10:23:12.423885
PAYMENT_464,RIDE_464,Cash,Failed,2025-01-13 07:23:12.423890
PAYMENT_465,RIDE_465,Cash,Success,2025-01-12 13:23:12.423895
PAYMENT_466,RIDE_466,Cash,Success,2025-01-03 19:23:12.423899
PAYMENT_467,RIDE_467,Credit Card,Failed,2025-01-08 01:23:12.423903
PAYMENT_468,RIDE_468,Cash,Pending,2025-01-14 14:23:12.423907
PAYMENT_469,RIDE_469,Cash,Pending,2025-01-05 03:23:12.423911
PAYMENT_470,RIDE_470,Debit Card,Failed,2025-01-23 16:23:12.423915
PAYMENT_471,RIDE_471,Credit Card,Success,2025-01-22 13:23:12.423919
PAYMENT_472,RIDE_472,Credit Card,Failed,2025-01-31 00:23:12.423923
PAYMENT_473,RIDE_473,Cash,Success,2025-01-07 12:23:12.423927
PAYMENT_474,RIDE_474,Debit Card,Failed,2025-01-05 16:23:12.423930
PAYMENT_475,RIDE_475,Debit Card,Success,2025-01-05 04:23:12.423934
PAYMENT_476,RIDE_476,PayPal,Success,2025-01-14 05:23:12.423938
PAYMENT_477,RIDE_477,PayPal,Failed,2025-01-25 21:23:12.423942
PAYMENT_478,RIDE_478,Debit Card,Failed,2025-01-30 05:23:12.423946
PAYMENT_479,RIDE_479,Credit Card,Pending,2025-01-06 23:23:12.423952
PAYMENT_480,RIDE_480,Credit Card,Failed,2025-01-13 18:23:12.423957
PAYMENT_481,RIDE_481,Cash,Failed,2025-01-27 04:23:12.423962
PAYMENT_482,RIDE_482,PayPal,Failed,2025-01-20 00:23:12.423967
PAYMENT_483,RIDE_483,Debit Card,Failed,2025-01-08 04:23:12.423972
PAYMENT_484,RIDE_484,Cash,Pending,2025-01-21 05:23:12.423977
PAYMENT_485,RIDE_485,Credit Card,Failed,2025-01-16 06:23:12.423982
PAYMENT_486,RIDE_486,Cash,Pending,2025-01-27 10:23:12.423986
PAYMENT_487,RIDE_487,Cash,Failed,2025-01-10 09:23:12.423991
PAYMENT_488,RIDE_488,Debit Card,Failed,2025-01-15 22:23:12.423996
PAYMENT_489,RIDE_489,Cash,Success,2025-01-16 22:23:12.424001
PAYMENT_490,RIDE_490,Debit Card,Failed,2025-01-17 05:23:12.424006
PAYMENT_491,RIDE_491,PayPal,Pending,2025-01-24 02:23:12.424011
PAYMENT_492,RIDE_492,Cash,Failed,2025-01-20 00:23:12.424017
PAYMENT_493,RIDE_493,Credit Card,Success,2025-01-03 02:23:12.424021
PAYMENT_494,RIDE_494,Credit Card,Pending,2025-01-12 19:23:12.424026
PAYMENT_495,RIDE_495,Cash,Pending,2025-01-26 13:23:12.424031
PAYMENT_496,RIDE_496,PayPal,Pending,2025-01-04 14:23:12.424035
PAYMENT_497,RIDE_497,Credit Card,Failed,2025-01-18 13:23:12.424040
PAYMENT_498,RIDE_498,PayPal,Success,2025-01-20 14:23:12.424045
PAYMENT_499,RIDE_499,Cash,Success,2025-01-23 07:23:12.424049
PAYMENT_500,RIDE_500,PayPal,Success,2025-01-04 08:23:12.424054
PAYMENT_501,RIDE_501,Debit Card,Success,2025-01-14 15:23:12.424058
PAYMENT_502,RIDE_502,Credit Card,Success,2025-01-03 09:23:12.424062
PAYMENT_503,RIDE_503,PayPal,Success,2025-01-24 03:23:12.424066
PAYMENT_504,RIDE_504,Credit Card,Success,2025-01-30 16:23:12.424071
PAYMENT_505,RIDE_505,PayPal,Failed,2025-01-08 18:23:12.424076
PAYMENT_506,RIDE_506,Credit Card,Failed,2025-01-23 06:23:12.424081
PAYMENT_507,RIDE_507,Credit Card,Success,2025-01-16 09:23:12.424085
PAYMENT_508,RIDE_508,Cash,Pending,2025-01-25 02:23:12.424090
PAYMENT_509,RIDE_509,PayPal,Failed,2025-01-31 06:23:12.424095
PAYMENT_510,RIDE_510,Cash,Failed,2025-01-16 01:23:12.424100
PAYMENT_511,RIDE_511,Credit Card,Success,2025-01-22 07:23:12.424105
PAYMENT_512,RIDE_512,PayPal,Failed,2025-01-18 06:23:12.424110
PAYMENT_513,RIDE_513,PayPal,Success,2025-01-19 07:23:12.424114
PAYMENT_514,RIDE_514,Debit Card,Failed,2025-01-21 05:23:12.424119
PAYMENT_515,RIDE_515,Credit Card,Failed,2025-01-22 12:23:12.424123
PAYMENT_516,RIDE_516,Debit Card,Pending,2025-01-20 20:23:12.424128
PAYMENT_517,RIDE_517,Debit Card,Pending,2025-01-27 06:23:12.424133
PAYMENT_518,RIDE_518,PayPal,Failed,2025-01-25 12:23:12.424138
PAYMENT_519,RIDE_519,Debit Card,Failed,2025-01-12 18:23:12.424142
PAYMENT_520,RIDE_520,Credit Card,Failed,2025-01-21 18:23:12.424147
PAYMENT_521,RIDE_521,Cash,Success,2025-01-23 04:23:12.424152
PAYMENT_522,RIDE_522,Debit Card,Pending,2025-01-16 03:23:12.424157
PAYMENT_523,RIDE_523,Debit Card,Success,2025-01-12 18:23:12.424162
PAYMENT_524,RIDE_524,PayPal,Success,2025-01-07 12:23:12.424167
PAYMENT_525,RIDE_525,PayPal,Failed,2025-01-03 13:23:12.424172
PAYMENT_526,RIDE_526,PayPal,Success,2025-01-29 17:23:12.424176
PAYMENT_527,RIDE_527,Cash,Success,2025-01-30 09:23:12.424181
PAYMENT_528,RIDE_528,PayPal,Failed,2025-01-31 03:23:12.424186
PAYMENT_529,RIDE_529,Credit Card,Success,2025-01-26 10:23:12.424191
PAYMENT_530,RIDE_530,Credit Card,Success,2025-01-25 23:23:12.424195
PAYMENT_531,RIDE_531,PayPal,Pending,2025-01-22 12:23:12.424200
PAYMENT_532,RIDE_532,PayPal,Pending,2025-01-22 21:23:12.424205
PAYMENT_533,RIDE_533,Cash,Failed,2025-01-05 23:23:12.424210
PAYMENT_534,RIDE_534,Cash,Pending,2025-01-05 12:23:12.424215
PAYMENT_535,RIDE_535,Credit Card,Pending,2025-01-25 22:23:12.424219
PAYMENT_536,RIDE_536,Cash,Pending,2025-01-13 16:23:12.424224
PAYMENT_537,RIDE_537,PayPal,Success,2025-01-04 22:23:12.424229
PAYMENT_538,RIDE_538,Cash,Pending,2025-01-09 03:23:12.424234
PAYMENT_539,RIDE_539,PayPal,Success,2025-01-03 12:23:12.424239
PAYMENT_540,RIDE_540,Credit Card,Pending,2025-02-01 11:23:12.424243
PAYMENT_541,RIDE_541,Debit Card,Pending,2025-01-23 09:23:12.424248
PAYMENT_542,RIDE_542,Cash,Success,2025-01-07 08:23:12.424253
PAYMENT_543,RIDE_543,Credit Card,Failed,2025-01-20 02:23:12.424258
PAYMENT_544,RIDE_544,Credit Card,Success,2025-01-08 00:23:12.424263
PAYMENT_545,RIDE_545,Cash,Success,2025-02-01 05:23:12.424268
PAYMENT_546,RIDE_546,Debit Card,Failed,2025-01-12 04:23:12.424273
PAYMENT_547,RIDE_547,PayPal,Pending,2025-01-08 16:23:12.424277
PAYMENT_548,RIDE_548,Credit Card,Success,2025-01-05 08:23:12.424282
PAYMENT_549,RIDE_549,Credit Card,Failed,2025-01-25 13:23:12.424287
PAYMENT_550,RIDE_550,Debit Card,Success,2025-01-08 21:23:12.424292
PAYMENT_551,RIDE_551,PayPal,Failed,2025-01-26 05:23:12.424297
PAYMENT_552,RIDE_552,Credit Card,Pending,2025-01-25 04:23:12.424301
PAYMENT_553,RIDE_553,Debit Card,Pending,2025-01-14 03:23:12.424306
PAYMENT_554,RIDE_554,Cash,Success,2025-01-08 06:23:12.424311
PAYMENT_555,RIDE_555,Debit Card,Failed,2025-01-09 06:23:12.424316
PAYMENT_556,RIDE_556,Debit Card,Failed,2025-01-22 18:23:12.424321
PAYMENT_557,RIDE_557,Credit Card,Pending,2025-01-22 14:23:12.424326
PAYMENT_558,RIDE_558,PayPal,Success,2025-01-18 22:23:12.424330
PAYMENT_559,RIDE_559,Cash,Failed,2025-01-19 14:23:12.424335
PAYMENT_560,RIDE_560,Debit Card,Success,2025-01-18 06:23:12.424340
PAYMENT_561,RIDE_561,Cash,Success,2025-01-05 03:23:12.424345
PAYMENT_562,RIDE_562,PayPal,Success,2025-02-01 09:23:12.424350
PAYMENT_563,RIDE_563,Cash,Failed,2025-01-28 02:23:12.424354
PAYMENT_564,RIDE_564,Cash,Pending,2025-01-05 16:23:12.424359
PAYMENT_565,RIDE_565,Credit Card,Pending,2025-01-22 21:23:12.424364
PAYMENT_566,RIDE_566,PayPal,Failed,2025-02-01 05:23:12.424369
PAYMENT_567,RIDE_567,Debit Card,Failed,2025-01-06 23:23:12.424374
PAYMENT_568,RIDE_568,Credit Card,Pending,2025-01-06 09:23:12.424378
PAYMENT_569,RIDE_569,Credit Card,Failed,2025-01-22 13:23:12.424383
PAYMENT_570,RIDE_570,Debit Card,Pending,2025-01-19 07:23:12.424388
PAYMENT_571,RIDE_571,PayPal,Pending,2025-01-11 08:23:12.424393
PAYMENT_572,RIDE_572,Cash,Success,2025-01-07 22:23:12.424397
PAYMENT_573,RIDE_573,PayPal,Failed,2025-01-15 11:23:12.424401
PAYMENT_574,RIDE_574,PayPal,Success,2025-01-22 02:23:12.424405
PAYMENT_575,RIDE_575,Cash,Pending,2025-02-01 02:23:12.424410
PAYMENT_576,RIDE_576,Cash,Pending,2025-01-07 19:23:12.424414
PAYMENT_577,RIDE_577,Cash,Failed,2025-01-03 16:23:12.424418
PAYMENT_578,RIDE_578,PayPal,Failed,2025-01-28 10:23:12.424422
PAYMENT_579,RIDE_579,Debit Card,Pending,2025-01-14 00:23:12.424427
PAYMENT_580,RIDE_580,PayPal,Pending,2025-01-07 01:23:12.424432
PAYMENT_581,RIDE_581,Debit Card,Pending,2025-01-03 01:23:12.424437
PAYMENT_582,RIDE_582,PayPal,Success,2025-01-14 08:23:12.424441
PAYMENT_583,RIDE_583,Debit Card,Success,2025-01-20 14:23:12.424446
PAYMENT_584,RIDE_584,Cash,Success,2025-01-20 18:23:12.424451
PAYMENT_585,RIDE_585,PayPal,Pending,2025-01-15 08:23:12.424456
PAYMENT_586,RIDE_586,PayPal,Failed,2025-01-26 05:23:12.424460
PAYMENT_587,RIDE_587,Credit Card,Failed,2025-01-29 10:23:12.424465
PAYMENT_588,RIDE_588,Debit Card,Success,2025-01-14 06:23:12.424470
PAYMENT_589,RIDE_589,PayPal,Pending,2025-01-12 11:23:12.424474
PAYMENT_590,RIDE_590,PayPal,Success,2025-01-30 15:23:12.424479
PAYMENT_591,RIDE_591,Cash,Pending,2025-01-28 23:23:12.424484
PAYMENT_592,RIDE_592,Debit Card,Pending,2025-01-15 15:23:12.424489
PAYMENT_593,RIDE_593,Debit Card,Failed,2025-01-30 22:23:12.424493
PAYMENT_594,RIDE_594,PayPal,Success,2025-01-13 05:23:12.424498
PAYMENT_595,RIDE_595,Debit Card,Failed,2025-02-01 15:23:12.424503
PAYMENT_596,RIDE_596,Debit Card,Failed,2025-01-26 18:23:12.424508
PAYMENT_597,RIDE_597,Debit Card,Success,2025-01-03 08:23:12.424513
PAYMENT_598,RIDE_598,Debit Card,Success,2025-01-23 14:23:12.424518
PAYMENT_599,RIDE_599,Debit Card,Failed,2025-01-25 11:23:12.424523
PAYMENT_600,RIDE_600,Credit Card,Success,2025-01-11 04:23:12.424527
PAYMENT_601,RIDE_601,Credit Card,Success,2025-01-30 06:23:12.424532
PAYMENT_602,RIDE_602,PayPal,Success,2025-01-31 09:23:12.424535
PAYMENT_603,RIDE_603,Debit Card,Success,2025-01-16 20:23:12.424539
PAYMENT_604,RIDE_604,Cash,Failed,2025-01-27 10:23:12.424543
PAYMENT_605,RIDE_605,PayPal,Failed,2025-01-05 07:23:12.424547
PAYMENT_606,RIDE_606,PayPal,Failed,2025-01-20 15:23:12.424551
PAYMENT_607,RIDE_607,Debit Card,Pending,2025-01-29 16:23:12.424556
PAYMENT_608,RIDE_608,Debit Card,Pending,2025-01-15 07:23:12.424560
PAYMENT_609,RIDE_609,Credit Card,Success,2025-01-16 21:23:12.424565
PAYMENT_610,RIDE_610,PayPal,Success,2025-01-30 08:23:12.424570
PAYMENT_611,RIDE_611,PayPal,Failed,2025-01-04 14:23:12.424575
PAYMENT_612,RIDE_612,Debit Card,Failed,2025-01-28 14:23:12.424580
PAYMENT_613,RIDE_613,PayPal,Failed,2025-01-23 07:23:12.424584
PAYMENT_614,RIDE_614,Cash,Pending,2025-01-05 22:23:12.424589
PAYMENT_615,RIDE_615,Debit Card,Failed,2025-01-11 05:23:12.424594
PAYMENT_616,RIDE_616,PayPal,Pending,2025-01-27 01:23:12.424599
PAYMENT_617,RIDE_617,Credit Card,Pending,2025-01-14 11:23:12.424603
PAYMENT_618,RIDE_618,Credit Card,Success,2025-01-14 14:23:12.424608
PAYMENT_619,RIDE_619,Cash,Failed,2025-01-15 22:23:12.424613
PAYMENT_620,RIDE_620,Cash,Pending,2025-01-11 06:23:12.424618
PAYMENT_621,RIDE_621,Debit Card,Success,2025-01-24 14:23:12.424623
PAYMENT_622,RIDE_622,Cash,Failed,2025-02-01 16:23:12.424627
PAYMENT_623,RIDE_623,PayPal,Pending,2025-01-18 18:23:12.424632
PAYMENT_624,RIDE_624,Debit Card,Success,2025-01-06 08:23:12.424637
PAYMENT_625,RIDE_625,Credit Card,Failed,2025-01-13 13:23:12.424641
PAYMENT_626,RIDE_626,PayPal,Failed,2025-01-16 10:23:12.424646
PAYMENT_627,RIDE_627,PayPal,Failed,2025-01-03 02:23:12.424650
PAYMENT_628,RIDE_628,Cash,Failed,2025-01-04 05:23:12.424655
PAYMENT_629,RIDE_629,PayPal,Failed,2025-01-18 06:23:12.424660
PAYMENT_630,RIDE_630,Debit Card,Pending,2025-01-14 19:23:12.424664
PAYMENT_631,RIDE_631,Cash,Pending,2025-01-09 18:23:12.424669
PAYMENT_632,RIDE_632,PayPal,Failed,2025-01-23 00:23:12.424674
PAYMENT_633,RIDE_633,Credit Card,Success,2025-01-04 06:23:12.424679
PAYMENT_634,RIDE_634,Cash,Failed,2025-01-20 22:23:12.424684
PAYMENT_635,RIDE_635,Credit Card,Failed,2025-01-05 22:23:12.424688
PAYMENT_636,RIDE_636,Debit Card,Pending,2025-01-07 11:23:12.424693
PAYMENT_637,RIDE_637,Credit Card,Success,2025-01-20 01:23:12.424698
PAYMENT_638,RIDE_638,PayPal,Failed,2025-01-06 15:23:12.424703
PAYMENT_639,RIDE_639,Credit Card,Pending,2025-01-19 13:23:12.424708
PAYMENT_640,RIDE_640,Cash,Failed,2025-01-27 01:23:12.424713
PAYMENT_641,RIDE_641,Debit Card,Success,2025-01-09 07:23:12.424718
PAYMENT_642,RIDE_642,Cash,Success,2025-01-18 08:23:12.424722
PAYMENT_643,RIDE_643,PayPal,Pending,2025-01-02 23:23:12.424727
PAYMENT_644,RIDE_644,Credit Card,Failed,2025-01-26 22:23:12.424732
PAYMENT_645,RIDE_645,PayPal,Failed,2025-01-14 17:23:12.424737
PAYMENT_646,RIDE_646,Credit Card,Pending,2025-01-19 22:23:12.424742
PAYMENT_647,RIDE_647,Debit Card,Success,2025-01-31 13:23:12.424747
PAYMENT_648,RIDE_648,Debit Card,Pending,2025-01-04 15:23:12.424767
PAYMENT_649,RIDE_649,PayPal,Pending,2025-01-24 00:23:12.424773
PAYMENT_650,RIDE_650,Debit Card,Pending,2025-01-15 11:23:12.424778
PAYMENT_651,RIDE_651,Credit Card,Success,2025-01-11 18:23:12.424782
PAYMENT_652,RIDE_652,Credit Card,Failed,2025-01-09 21:23:12.424787
PAYMENT_653,RIDE_653,Cash,Pending,2025-01-09 14:23:12.424791
PAYMENT_654,RIDE_654,Credit Card,Pending,2025-01-03 05:23:12.424802
PAYMENT_655,RIDE_655,Cash,Pending,2025-01-19 03:23:12.424807
PAYMENT_656,RIDE_656,Debit Card,Pending,2025-01-29 09:23:12.424812
PAYMENT_657,RIDE_657,Cash,Success,2025-01-30 17:23:12.424817
PAYMENT_658,RIDE_658,PayPal,Failed,2025-01-16 10:23:12.424822
PAYMENT_659,RIDE_659,Credit Card,Failed,2025-01-19 06:23:12.424827
PAYMENT_660,RIDE_660,PayPal,Failed,2025-01-27 12:23:12.424831
PAYMENT_661,RIDE_661,Cash,Success,2025-01-26 04:23:12.424836
PAYMENT_662,RIDE_662,Debit Card,Failed,2025-01-31 06:23:12.424841
PAYMENT_663,RIDE_663,Cash,Failed,2025-02-01 18:23:12.424845
PAYMENT_664,RIDE_664,PayPal,Success,2025-01-11 22:23:12.424850
PAYMENT_665,RIDE_665,Cash,Success,2025-01-10 21:23:12.424855
PAYMENT_666,RIDE_666,PayPal,Pending,2025-01-18 08:23:12.424860
PAYMENT_667,RIDE_667,Credit Card,Failed,2025-01-21 21:23:12.424864
PAYMENT_668,RIDE_668,PayPal,Success,2025-01-20 14:23:12.424869
PAYMENT_669,RIDE_669,PayPal,Pending,2025-01-20 19:23:12.424874
PAYMENT_670,RIDE_670,PayPal,Failed,2025-02-01 12:23:12.424879
PAYMENT_671,RIDE_671,PayPal,Failed,2025-01-28 22:23:12.424883
PAYMENT_672,RIDE_672,Cash,Pending,2025-01-03 16:23:12.424888
PAYMENT_673,RIDE_673,Credit Card,Success,2025-01-21 23:23:12.424893
PAYMENT_674,RIDE_674,Debit Card,Pending,2025-01-09 06:23:12.424898
PAYMENT_675,RIDE_675,Cash,Success,2025-01-17 06:23:12.424903
PAYMENT_676,RIDE_676,Cash,Success,2025-01-30 18:23:12.424908
PAYMENT_677,RIDE_677,Cash,Pending,2025-01-14 23:23:12.424913
PAYMENT_678,RIDE_678,PayPal,Success,2025-01-24 22:23:12.424918
PAYMENT_679,RIDE_679,Debit Card,Pending,2025-01-18 16:23:12.424922
PAYMENT_680,RIDE_680,Cash,Failed,2025-01-17 12:23:12.424927
PAYMENT_681,RIDE_681,Cash,Failed,2025-01-06 15:23:12.424932
PAYMENT_682,RIDE_682,Debit Card,Success,2025-01-27 20:23:12.424937
PAYMENT_683,RIDE_683,Credit Card,Failed,2025-01-13 17:23:12.424942
PAYMENT_684,RIDE_684,Debit Card,Pending,2025-01-27 11:23:12.424947
PAYMENT_685,RIDE_685,Debit Card,Pending,2025-01-29 03:23:12.424951
PAYMENT_686,RIDE_686,PayPal,Pending,2025-01-09 08:23:12.424956
PAYMENT_687,RIDE_687,Cash,Failed,2025-01-27 18:23:12.424961
PAYMENT_688,RIDE_688,PayPal,Failed,2025-01-11 20:23:12.424966
PAYMENT_689,RIDE_689,Credit Card,Failed,2025-01-11 12:23:12.424971
PAYMENT_690,RIDE_690,Cash,Pending,2025-01-28 06:23:12.424976
PAYMENT_691,RIDE_691,Credit Card,Success,2025-01-21 15:23:12.424980
PAYMENT_692,RIDE_692,Credit Card,Pending,2025-01-25 22:23:12.424985
PAYMENT_693,RIDE_693,Cash,Success,2025-01-30 23:23:12.424990
PAYMENT_694,RIDE_694,PayPal,Success,2025-01-15 14:23:12.424995
PAYMENT_695,RIDE_695,Cash,Pending,2025-01-17 22:23:12.425000
PAYMENT_696,RIDE_696,Debit Card,Pending,2025-01-31 00:23:12.425005
PAYMENT_697,RIDE_697,Cash,Failed,2025-01-07 04:23:12.425009
PAYMENT_698,RIDE_698,Debit Card,Success,2025-01-11 23:23:12.425014
PAYMENT_699,RIDE_699,Debit Card,Success,2025-01-09 23:23:12.425019
PAYMENT_700,RIDE_700,Debit Card,Failed,2025-01-04 17:23:12.425024
PAYMENT_701,RIDE_701,Cash,Success,2025-01-19 22:23:12.425028
PAYMENT_702,RIDE_702,PayPal,Success,2025-01-23 06:23:12.425033
PAYMENT_703,RIDE_703,Cash,Failed,2025-01-31 01:23:12.425038
PAYMENT_704,RIDE_704,Credit Card,Pending,2025-02-01 19:23:12.425043
PAYMENT_705,RIDE_705,PayPal,Failed,2025-01-08 08:23:12.425048
PAYMENT_706,RIDE_706,PayPal,Failed,2025-01-08 14:23:12.425052
PAYMENT_707,RIDE_707,Cash,Pending,2025-01-03 13:23:12.425057
PAYMENT_708,RIDE_708,Cash,Pending,2025-01-21 13:23:12.425062
PAYMENT_709,RIDE_709,Debit Card,Failed,2025-01-26 18:23:12.425066
PAYMENT_710,RIDE_710,Credit Card,Pending,2025-02-01 07:23:12.425071
PAYMENT_711,RIDE_711,Credit Card,Failed,2025-02-01 20:23:12.425076
PAYMENT_712,RIDE_712,Debit Card,Pending,2025-01-22 14:23:12.425081
PAYMENT_713,RIDE_713,PayPal,Failed,2025-01-10 23:23:12.425086
PAYMENT_714,RIDE_714,PayPal,Failed,2025-01-30 13:23:12.425090
PAYMENT_715,RIDE_715,Cash,Success,2025-01-04 17:23:12.425095
PAYMENT_716,RIDE_716,Credit Card,Success,2025-01-06 23:23:12.425100
PAYMENT_717,RIDE_717,PayPal,Success,2025-01-26 21:23:12.425105
PAYMENT_718,RIDE_718,Cash,Success,2025-01-27 19:23:12.425110
PAYMENT_719,RIDE_719,Debit Card,Pending,2025-01-19 04:23:12.425116
PAYMENT_720,RIDE_720,Cash,Pending,2025-01-29 10:23:12.425121
PAYMENT_721,RIDE_721,Debit Card,Failed,2025-01-22 03:23:12.425126
PAYMENT_722,RIDE_722,Credit Card,Pending,2025-01-12 14:23:12.425131
PAYMENT_723,RIDE_723,Credit Card,Success,2025-01-13 14:23:12.425136
PAYMENT_724,RIDE_724,PayPal,Failed,2025-01-03 03:23:12.425141
PAYMENT_725,RIDE_725,Cash,Pending,2025-01-20 07:23:12.425146
PAYMENT_726,RIDE_726,Credit Card,Success,2025-01-29 13:23:12.425150
PAYMENT_727,RIDE_727,PayPal,Success,2025-01-26 17:23:12.425155
PAYMENT_728,RIDE_728,Cash,Failed,2025-01-21 10:23:12.425160
PAYMENT_729,RIDE_729,Cash,Success,2025-01-27 20:23:12.425165
PAYMENT_730,RIDE_730,PayPal,Success,2025-01-20 00:23:12.425170
PAYMENT_731,RIDE_731,Cash,Success,2025-01-22 20:23:12.425175
PAYMENT_732,RIDE_732,Credit Card,Pending,2025-01-20 14:23:12.425179
PAYMENT_733,RIDE_733,PayPal,Failed,2025-01-18 13:23:12.425183
PAYMENT_734,RIDE_734,Credit Card,Failed,2025-01-29 23:23:12.425188
PAYMENT_735,RIDE_735,PayPal,Pending,2025-01-06 12:23:12.425192
PAYMENT_736,RIDE_736,Debit Card,Failed,2025-01-12 01:23:12.425197
PAYMENT_737,RIDE_737,Credit Card,Pending,2025-01-21 19:23:12.425202
PAYMENT_738,RIDE_738,Debit Card,Pending,2025-01-30 14:23:12.425207
PAYMENT_739,RIDE_739,PayPal,Pending,2025-01-19 11:23:12.425212
PAYMENT_740,RIDE_740,Cash,Pending,2025-01-08 01:23:12.425217
PAYMENT_741,RIDE_741,Debit Card,Failed,2025-01-17 17:23:12.425221
PAYMENT_742,RIDE_742,PayPal,Failed,2025-01-10 03:23:12.425226
PAYMENT_743,RIDE_743,Debit Card,Pending,2025-01-07 02:23:12.425231
PAYMENT_744,RIDE_744,Credit Card,Pending,2025-01-27 12:23:12.425236
PAYMENT_745,RIDE_745,PayPal,Failed,2025-01-29 01:23:12.425241
PAYMENT_746,RIDE_746,PayPal,Pending,2025-01-22 00:23:12.425246
PAYMENT_747,RIDE_747,Cash,Pending,2025-01-10 08:23:12.425251
PAYMENT_748,RIDE_748,PayPal,Pending,2025-01-10 22:23:12.425257
PAYMENT_749,RIDE_749,Credit Card,Pending,2025-01-28 10:23:12.425262
PAYMENT_750,RIDE_750,PayPal,Failed,2025-01-27 00:23:12.425267
PAYMENT_751,RIDE_751,PayPal,Failed,2025-01-07 22:23:12.425272
PAYMENT_752,RIDE_752,Credit Card,Success,2025-01-21 23:23:12.425277
PAYMENT_753,RIDE_753,Debit Card,Success,2025-01-17 18:23:12.425282
PAYMENT_754,RIDE_754,Debit Card,Success,2025-01-22 20:23:12.425286
PAYMENT_755,RIDE_755,Credit Card,Success,2025-01-13 02:23:12.425291
PAYMENT_756,RIDE_756,Debit Card,Success,2025-01-18 08:23:12.425296
PAYMENT_757,RIDE_757,PayPal,Success,2025-01-16 00:23:12.425301
PAYMENT_758,RIDE_758,PayPal,Success,2025-01-09 13:23:12.425305
PAYMENT_759,RIDE_759,PayPal,Pending,2025-01-16 02:23:12.425310
PAYMENT_760,RIDE_760,PayPal,Success,2025-01-10 20:23:12.425315
PAYMENT_761,RIDE_761,PayPal,Success,2025-01-25 20:23:12.425320
PAYMENT_762,RIDE_762,Credit Card,Success,2025-01-13 17:23:12.425327
PAYMENT_763,RIDE_763,PayPal,Failed,2025-01-23 13:23:12.425332
PAYMENT_764,RIDE_764,Debit Card,Pending,2025-01-09 07:23:12.425337
PAYMENT_765,RIDE_765,Credit Card,Success,2025-01-08 13:23:12.425342
PAYMENT_766,RIDE_766,Debit Card,Pending,2025-01-13 18:23:12.425346
PAYMENT_767,RIDE_767,PayPal,Success,2025-01-31 16:23:12.425351
PAYMENT_768,RIDE_768,PayPal,Failed,2025-01-21 05:23:12.425356
PAYMENT_769,RIDE_769,Cash,Pending,2025-01-23 14:23:12.425361
PAYMENT_770,RIDE_770,Cash,Pending,2025-01-28 08:23:12.425366
PAYMENT_771,RIDE_771,PayPal,Success,2025-01-26 00:23:12.425371
PAYMENT_772,RIDE_772,Debit Card,Success,2025-01-31 13:23:12.425375
PAYMENT_773,RIDE_773,Credit Card,Failed,2025-01-02 21:23:12.425380
PAYMENT_774,RIDE_774,Debit Card,Failed,2025-01-13 06:23:12.425385
PAYMENT_775,RIDE_775,Debit Card,Success,2025-01-09 10:23:12.425390
PAYMENT_776,RIDE_776,Debit Card,Failed,2025-01-28 12:23:12.425395
PAYMENT_777,RIDE_777,Debit Card,Failed,2025-01-22 00:23:12.425399
PAYMENT_778,RIDE_778,Credit Card,Success,2025-01-07 19:23:12.425404
PAYMENT_779,RIDE_779,Cash,Success,2025-01-16 07:23:12.425409
PAYMENT_780,RIDE_780,Cash,Success,2025-01-12 11:23:12.425414
PAYMENT_781,RIDE_781,Credit Card,Success,2025-01-08 20:23:12.425419
PAYMENT_782,RIDE_782,Credit Card,Pending,2025-01-24 21:23:12.425423
PAYMENT_783,RIDE_783,Debit Card,Pending,2025-01-22 10:23:12.425428
PAYMENT_784,RIDE_784,Credit Card,Failed,2025-01-25 14:23:12.425433
PAYMENT_785,RIDE_785,Cash,Failed,2025-01-15 19:23:12.425438
PAYMENT_786,RIDE_786,PayPal,Failed,2025-01-02 23:23:12.425442
PAYMENT_787,RIDE_787,PayPal,Success,2025-01-24 23:23:12.425447
PAYMENT_788,RIDE_788,PayPal,Failed,2025-01-09 21:23:12.425452
PAYMENT_789,RIDE_789,Debit Card,Pending,2025-01-25 01:23:12.425457
PAYMENT_790,RIDE_790,Cash,Success,2025-01-05 08:23:12.425462
PAYMENT_791,RIDE_791,PayPal,Success,2025-01-16 10:23:12.425466
PAYMENT_792,RIDE_792,Debit Card,Failed,2025-01-27 06:23:12.425471
PAYMENT_793,RIDE_793,PayPal,Pending,2025-01-12 20:23:12.425476
PAYMENT_794,RIDE_794,Credit Card,Failed,2025-01-30 05:23:12.425481
PAYMENT_795,RIDE_795,Credit Card,Success,2025-01-30 14:23:12.425486
PAYMENT_796,RIDE_796,Debit Card,Failed,2025-01-31 00:23:12.425491
PAYMENT_797,RIDE_797,Debit Card,Success,2025-01-28 14:23:12.425496
PAYMENT_798,RIDE_798,Debit Card,Success,2025-01-28 18:23:12.425500
PAYMENT_799,RIDE_799,Debit Card,Pending,2025-01-27 02:23:12.425505
PAYMENT_800,RIDE_800,PayPal,Pending,2025-01-15 14:23:12.425510
PAYMENT_801,RIDE_801,Debit Card,Failed,2025-01-25 04:23:12.425515
PAYMENT_802,RIDE_802,Debit Card,Failed,2025-01-30 07:23:12.425519
PAYMENT_803,RIDE_803,Debit Card,Failed,2025-01-09 06:23:12.425524
PAYMENT_804,RIDE_804,Credit Card,Pending,2025-01-23 15:23:12.425529
PAYMENT_805,RIDE_805,Cash,Pending,2025-01-09 14:23:12.425534
PAYMENT_806,RIDE_806,Credit Card,Pending,2025-01-25 07:23:12.425539
PAYMENT_807,RIDE_807,Credit Card,Pending,2025-01-27 01:23:12.425543
PAYMENT_808,RIDE_808,Credit Card,Pending,2025-01-25 11:23:12.425547
PAYMENT_809,RIDE_809,Cash,Failed,2025-01-23 02:23:12.425553
PAYMENT_810,RIDE_810,Cash,Success,2025-01-18 00:23:12.425557
PAYMENT_811,RIDE_811,Credit Card,Failed,2025-01-26 12:23:12.425562
PAYMENT_812,RIDE_812,Debit Card,Failed,2025-01-05 05:23:12.425567
PAYMENT_813,RIDE_813,Credit Card,Failed,2025-01-30 09:23:12.425572
PAYMENT_814,RIDE_814,Credit Card,Pending,2025-01-20 08:23:12.425577
PAYMENT_815,RIDE_815,Credit Card,Pending,2025-01-27 05:23:12.425582
PAYMENT_816,RIDE_816,Cash,Pending,2025-01-18 07:23:12.425587
PAYMENT_817,RIDE_817,Credit Card,Pending,2025-01-16 01:23:12.425591
PAYMENT_818,RIDE_818,PayPal,Pending,2025-01-09 07:23:12.425596
PAYMENT_819,RIDE_819,Credit Card,Failed,2025-01-08 16:23:12.425601
PAYMENT_820,RIDE_820,Credit Card,Success,2025-01-06 05:23:12.425606
PAYMENT_821,RIDE_821,PayPal,Pending,2025-02-01 08:23:12.425610
PAYMENT_822,RIDE_822,Credit Card,Success,2025-01-19 18:23:12.425614
PAYMENT_823,RIDE_823,Credit Card,Pending,2025-01-08 11:23:12.425617
PAYMENT_824,RIDE_824,Credit Card,Success,2025-01-13 03:23:12.425622
PAYMENT_825,RIDE_825,Debit Card,Failed,2025-01-28 03:23:12.425627
PAYMENT_826,RIDE_826,Debit Card,Pending,2025-01-09 15:23:12.425632
PAYMENT_827,RIDE_827,Debit Card,Failed,2025-01-24 08:23:12.425637
PAYMENT_828,RIDE_828,PayPal,Pending,2025-01-18 11:23:12.425641
PAYMENT_829,RIDE_829,Credit Card,Success,2025-01-18 11:23:12.425646
PAYMENT_830,RIDE_830,Credit Card,Failed,2025-01-20 03:23:12.425651
PAYMENT_831,RIDE_831,Debit Card,Pending,2025-01-13 05:23:12.425655
PAYMENT_832,RIDE_832,PayPal,Failed,2025-01-30 10:23:12.425660
PAYMENT_833,RIDE_833,PayPal,Failed,2025-01-27 22:23:12.425665
PAYMENT_834,RIDE_834,PayPal,Success,2025-01-17 14:23:12.425669
PAYMENT_835,RIDE_835,Debit Card,Failed,2025-01-28 14:23:12.425674
PAYMENT_836,RIDE_836,Debit Card,Pending,2025-02-01 20:23:12.425679
PAYMENT_837,RIDE_837,Credit Card,Pending,2025-01-05 04:23:12.425684
PAYMENT_838,RIDE_838,Credit Card,Failed,2025-01-08 21:23:12.425688
PAYMENT_839,RIDE_839,Credit Card,Failed,2025-01-21 05:23:12.425693
PAYMENT_840,RIDE_840,Debit Card,Pending,2025-01-20 07:23:12.425698
PAYMENT_841,RIDE_841,Debit Card,Failed,2025-01-19 21:23:12.425703
PAYMENT_842,RIDE_842,PayPal,Success,2025-01-21 08:23:12.425707
PAYMENT_843,RIDE_843,Debit Card,Success,2025-01-17 11:23:12.425712
PAYMENT_844,RIDE_844,Credit Card,Failed,2025-01-12 02:23:12.425717
PAYMENT_845,RIDE_845,Credit Card,Pending,2025-01-30 07:23:12.425721
PAYMENT_846,RIDE_846,Debit Card,Success,2025-01-04 19:23:12.425725
PAYMENT_847,RIDE_847,Cash,Failed,2025-01-03 17:23:12.425730
PAYMENT_848,RIDE_848,PayPal,Failed,2025-01-20 02:23:12.425734
PAYMENT_849,RIDE_849,Debit Card,Failed,2025-01-27 14:23:12.425739
PAYMENT_850,RIDE_850,Cash,Success,2025-01-08 07:23:12.425744
PAYMENT_851,RIDE_851,Credit Card,Pending,2025-01-23 21:23:12.425749
PAYMENT_852,RIDE_852,Debit Card,Success,2025-01-21 04:23:12.425767
PAYMENT_853,RIDE_853,PayPal,Pending,2025-01-10 05:23:12.425781
PAYMENT_854,RIDE_854,Cash,Pending,2025-01-11 22:23:12.425786
PAYMENT_855,RIDE_855,Cash,Failed,2025-01-20 22:23:12.425791
PAYMENT_856,RIDE_856,Debit Card,Pending,2025-01-31 00:23:12.425832
PAYMENT_857,RIDE_857,Debit Card,Pending,2025-01-20 07:23:12.425837
PAYMENT_858,RIDE_858,Cash,Pending,2025-01-09 13:23:12.425842
PAYMENT_859,RIDE_859,Credit Card,Failed,2025-01-25 05:23:12.425846
PAYMENT_860,RIDE_860,PayPal,Success,2025-01-31 09:23:12.425850
PAYMENT_861,RIDE_861,Credit Card,Failed,2025-01-11 22:23:12.425854
PAYMENT_862,RIDE_862,Cash,Pending,2025-01-11 20:23:12.425858
PAYMENT_863,RIDE_863,Credit Card,Pending,2025-01-09 23:23:12.425863
PAYMENT_864,RIDE_864,Debit Card,Failed,2025-01-12 16:23:12.425867
PAYMENT_865,RIDE_865,Cash,Failed,2025-01-24 01:23:12.425870
PAYMENT_866,RIDE_866,PayPal,Pending,2025-01-17 23:23:12.425875
PAYMENT_867,RIDE_867,PayPal,Pending,2025-01-28 12:23:12.425879
PAYMENT_868,RIDE_868,Credit Card,Pending,2025-01-25 01:23:12.425884
PAYMENT_869,RIDE_869,Credit Card,Failed,2025-01-13 23:23:12.425889
PAYMENT_870,RIDE_870,PayPal,Failed,2025-01-06 15:23:12.425893
PAYMENT_871,RIDE_871,Cash,Success,2025-02-01 17:23:12.425897
PAYMENT_872,RIDE_872,Credit Card,Pending,2025-01-08 18:23:12.425902
PAYMENT_873,RIDE_873,Cash,Success,2025-01-11 22:23:12.425906
PAYMENT_874,RIDE_874,PayPal,Failed,2025-01-03 08:23:12.425911
PAYMENT_875,RIDE_875,Cash,Pending,2025-01-19 22:23:12.425916
PAYMENT_876,RIDE_876,PayPal,Pending,2025-01-14 18:23:12.425921
PAYMENT_877,RIDE_877,Cash,Success,2025-01-16 14:23:12.425926
PAYMENT_878,RIDE_878,Debit Card,Pending,2025-01-04 07:23:12.425931
PAYMENT_879,RIDE_879,Cash,Failed,2025-01-27 07:23:12.425934
PAYMENT_880,RIDE_880,PayPal,Success,2025-01-23 22:23:12.425938
PAYMENT_881,RIDE_881,Cash,Success,2025-01-23 04:23:12.425941
PAYMENT_882,RIDE_882,Debit Card,Success,2025-01-14 23:23:12.425945
PAYMENT_883,RIDE_883,Credit Card,Success,2025-01-04 08:23:12.425949
PAYMENT_884,RIDE_884,Cash,Pending,2025-01-14 11:23:12.425953
PAYMENT_885,RIDE_885,PayPal,Failed,2025-01-09 07:23:12.425957
PAYMENT_886,RIDE_886,Debit Card,Success,2025-01-07 21:23:12.425960
PAYMENT_887,RIDE_887,Credit Card,Failed,2025-01-05 18:23:12.425964
PAYMENT_888,RIDE_888,Cash,Failed,2025-01-29 00:23:12.425968
PAYMENT_889,RIDE_889,Credit Card,Failed,2025-01-14 09:23:12.425971
PAYMENT_890,RIDE_890,Cash,Success,2025-01-06 16:23:12.425975
PAYMENT_891,RIDE_891,Cash,Success,2025-01-23 21:23:12.425979
PAYMENT_892,RIDE_892,Credit Card,Pending,2025-01-25 21:23:12.425983
PAYMENT_893,RIDE_893,Credit Card,Success,2025-01-19 22:23:12.425987
PAYMENT_894,RIDE_894,Debit Card,Success,2025-01-23 20:23:12.425991
PAYMENT_895,RIDE_895,Cash,Failed,2025-01-27 05:23:12.425995
PAYMENT_896,RIDE_896,Cash,Failed,2025-02-01 17:23:12.426000
PAYMENT_897,RIDE_897,Credit Card,Failed,2025-01-29 22:23:12.426005
PAYMENT_898,RIDE_898,Debit Card,Pending,2025-01-19 04:23:12.426009
PAYMENT_899,RIDE_899,Credit Card,Success,2025-01-19 00:23:12.426014
PAYMENT_900,RIDE_900,PayPal,Success,2025-01-22 21:23:12.426018
PAYMENT_901,RIDE_901,Debit Card,Pending,2025-01-19 15:23:12.426023
PAYMENT_902,RIDE_902,PayPal,Success,2025-01-27 09:23:12.426028
PAYMENT_903,RIDE_903,Debit Card,Success,2025-01-26 22:23:12.426032
PAYMENT_904,RIDE_904,Cash,Failed,2025-01-28 14:23:12.426036
PAYMENT_905,RIDE_905,Credit Card,Failed,2025-01-17 15:23:12.426039
PAYMENT_906,RIDE_906,Debit Card,Success,2025-01-16 17:23:12.426043
PAYMENT_907,RIDE_907,Cash,Pending,2025-01-18 02:23:12.426047
PAYMENT_908,RIDE_908,Cash,Success,2025-01-06 14:23:12.426051
PAYMENT_909,RIDE_909,PayPal,Success,2025-01-27 14:23:12.426054
PAYMENT_910,RIDE_910,PayPal,Pending,2025-01-30 21:23:12.426058
PAYMENT_911,RIDE_911,Cash,Success,2025-01-27 14:23:12.426061
PAYMENT_912,RIDE_912,PayPal,Failed,2025-01-24 07:23:12.426066
PAYMENT_913,RIDE_913,Cash,Failed,2025-01-18 00:23:12.426070
PAYMENT_914,RIDE_914,Cash,Failed,2025-01-03 01:23:12.426073
PAYMENT_915,RIDE_915,Cash,Failed,2025-01-29 00:23:12.426077
PAYMENT_916,RIDE_916,PayPal,Success,2025-01-27 18:23:12.426080
PAYMENT_917,RIDE_917,Debit Card,Pending,2025-01-23 18:23:12.426083
PAYMENT_918,RIDE_918,Cash,Failed,2025-01-20 17:23:12.426087
PAYMENT_919,RIDE_919,Credit Card,Success,2025-01-24 18:23:12.426090
PAYMENT_920,RIDE_920,Credit Card,Pending,2025-01-22 20:23:12.426094
PAYMENT_921,RIDE_921,PayPal,Pending,2025-01-14 13:23:12.426097
PAYMENT_922,RIDE_922,Cash,Pending,2025-01-17 05:23:12.426100
PAYMENT_923,RIDE_923,Cash,Pending,2025-01-11 17:23:12.426104
PAYMENT_924,RIDE_924,Debit Card,Success,2025-02-01 19:23:12.426108
PAYMENT_925,RIDE_925,Debit Card,Pending,2025-01-24 20:23:12.426113
PAYMENT_926,RIDE_926,Credit Card,Success,2025-01-11 02:23:12.426117
PAYMENT_927,RIDE_927,Credit Card,Failed,2025-01-07 19:23:12.426121
PAYMENT_928,RIDE_928,Credit Card,Failed,2025-01-29 14:23:12.426125
PAYMENT_929,RIDE_929,Credit Card,Success,2025-01-16 20:23:12.426128
PAYMENT_930,RIDE_930,Cash,Success,2025-01-20 01:23:12.426131
PAYMENT_931,RIDE_931,Credit Card,Pending,2025-01-16 12:23:12.426135
PAYMENT_932,RIDE_932,Debit Card,Pending,2025-01-03 05:23:12.426139
PAYMENT_933,RIDE_933,Cash,Success,2025-01-17 10:23:12.426143
PAYMENT_934,RIDE_934,PayPal,Pending,2025-01-13 07:23:12.426146
PAYMENT_935,RIDE_935,Debit Card,Success,2025-01-22 09:23:12.426149
PAYMENT_936,RIDE_936,PayPal,Pending,2025-01-11 10:23:12.426153
PAYMENT_937,RIDE_937,Credit Card,Success,2025-01-22 13:23:12.426156
PAYMENT_938,RIDE_938,Credit Card,Success,2025-01-20 23:23:12.426160
PAYMENT_939,RIDE_939,Cash,Pending,2025-01-20 08:23:12.426164
PAYMENT_940,RIDE_940,Cash,Success,2025-01-13 19:23:12.426168
PAYMENT_941,RIDE_941,Debit Card,Success,2025-01-21 10:23:12.426172
PAYMENT_942,RIDE_942,PayPal,Failed,2025-01-07 17:23:12.426176
PAYMENT_943,RIDE_943,Cash,Success,2025-02-01 06:23:12.426181
PAYMENT_944,RIDE_944,Cash,Pending,2025-01-04 22:23:12.426185
PAYMENT_945,RIDE_945,PayPal,Failed,2025-01-19 21:23:12.426190
PAYMENT_946,RIDE_946,PayPal,Pending,2025-01-06 16:23:12.426194
PAYMENT_947,RIDE_947,Credit Card,Failed,2025-02-01 01:23:12.426198
PAYMENT_948,RIDE_948,Credit Card,Pending,2025-01-29 04:23:12.426202
PAYMENT_949,RIDE_949,Cash,Failed,2025-01-23 22:23:12.426207
PAYMENT_950,RIDE_950,Credit Card,Pending,2025-01-08 13:23:12.426211
PAYMENT_951,RIDE_951,Cash,Success,2025-01-21 06:23:12.426215
PAYMENT_952,RIDE_952,Cash,Success,2025-01-12 23:23:12.426220
PAYMENT_953,RIDE_953,PayPal,Pending,2025-01-11 05:23:12.426224
PAYMENT_954,RIDE_954,Cash,Failed,2025-01-16 07:23:12.426228
PAYMENT_955,RIDE_955,Cash,Failed,2025-01-11 14:23:12.426231
PAYMENT_956,RIDE_956,Cash,Success,2025-02-01 00:23:12.426235
PAYMENT_957,RIDE_957,Credit Card,Success,2025-01-06 10:23:12.426238
PAYMENT_958,RIDE_958,Credit Card,Success,2025-02-01 00:23:12.426242
PAYMENT_959,RIDE_959,Debit Card,Failed,2025-01-21 19:23:12.426245
PAYMENT_960,RIDE_960,PayPal,Failed,2025-01-06 21:23:12.426249
PAYMENT_961,RIDE_961,Debit Card,Success,2025-01-21 23:23:12.426252
PAYMENT_962,RIDE_962,Cash,Success,2025-01-18 13:23:12.426256
PAYMENT_963,RIDE_963,Cash,Failed,2025-01-13 05:23:12.426259
PAYMENT_964,RIDE_964,Debit Card,Failed,2025-01-19 21:23:12.426263
PAYMENT_965,RIDE_965,PayPal,Failed,2025-01-13 18:23:12.426267
PAYMENT_966,RIDE_966,Cash,Pending,2025-01-21 07:23:12.426271
PAYMENT_967,RIDE_967,Cash,Success,2025-01-03 05:23:12.426275
PAYMENT_968,RIDE_968,Credit Card,Success,2025-01-10 22:23:12.426278
PAYMENT_969,RIDE_969,Cash,Failed,2025-01-04 17:23:12.426282
PAYMENT_970,RIDE_970,Cash,Failed,2025-01-09 08:23:12.426286
PAYMENT_971,RIDE_971,Cash,Pending,2025-01-23 01:23:12.426289
PAYMENT_972,RIDE_972,Debit Card,Failed,2025-01-25 22:23:12.426293
PAYMENT_973,RIDE_973,Credit Card,Failed,2025-01-28 04:23:12.426296
PAYMENT_974,RIDE_974,Cash,Pending,2025-01-04 02:23:12.426301
PAYMENT_975,RIDE_975,PayPal,Pending,2025-01-06 22:23:12.426305
PAYMENT_976,RIDE_976,Cash,Success,2025-01-16 19:23:12.426309
PAYMENT_977,RIDE_977,Cash,Success,2025-01-28 05:23:12.426313
PAYMENT_978,RIDE_978,PayPal,Pending,2025-01-07 18:23:12.426317
PAYMENT_979,RIDE_979,PayPal,Failed,2025-01-22 23:23:12.426321
PAYMENT_980,RIDE_980,PayPal,Success,2025-01-15 06:23:12.426324
PAYMENT_981,RIDE_981,Credit Card,Success,2025-01-27 06:23:12.426328
PAYMENT_982,RIDE_982,Credit Card,Failed,2025-01-29 05:23:12.426332
PAYMENT_983,RIDE_983,Credit Card,Failed,2025-01-11 03:23:12.426337
PAYMENT_984,RIDE_984,Debit Card,Failed,2025-01-25 13:23:12.426341
PAYMENT_985,RIDE_985,PayPal,Failed,2025-01-26 15:23:12.426345
PAYMENT_986,RIDE_986,PayPal,Pending,2025-01-07 23:23:12.426349
PAYMENT_987,RIDE_987,Credit Card,Pending,2025-01-10 18:23:12.426352
PAYMENT_988,RIDE_988,PayPal,Failed,2025-01-29 07:23:12.426356
PAYMENT_989,RIDE_989,Cash,Success,2025-01-10 20:23:12.426360
PAYMENT_990,RIDE_990,Credit Card,Failed,2025-01-27 10:23:12.426363
PAYMENT_991,RIDE_991,Cash,Success,2025-01-04 08:23:12.426368
PAYMENT_992,RIDE_992,PayPal,Success,2025-01-08 12:23:12.426372
PAYMENT_993,RIDE_993,PayPal,Pending,2025-01-24 21:23:12.426377
PAYMENT_994,RIDE_994,Cash,Pending,2025-01-23 23:23:12.426381
PAYMENT_995,RIDE_995,PayPal,Success,2025-01-16 23:23:12.426385
PAYMENT_996,RIDE_996,Credit Card,Success,2025-01-28 23:23:12.426390
PAYMENT_997,RIDE_997,Debit Card,Failed,2025-01-28 03:23:12.426394
PAYMENT_998,RIDE_998,Debit Card,Failed,2025-01-11 21:23:12.426398
PAYMENT_999,RIDE_999,Debit Card,Failed,2025-01-17 18:23:12.426403
PAYMENT_1000,RIDE_1000,PayPal,Success,2025-01-06 22:23:12.426406
